<beans xmlns="http://www.springframework.org/schema/beans"
	xmlns:context="http://www.springframework.org/schema/context"
	xmlns:xsi="http://www.w3.org/2001/XMLSchema-instance" xmlns:mvc="http://www.springframework.org/schema/mvc"
	xsi:schemaLocation="
        http://www.springframework.org/schema/beans     
        http://www.springframework.org/schema/beans/spring-beans.xsd
        http://www.springframework.org/schema/mvc 
        http://www.springframework.org/schema/mvc/spring-mvc.xsd
        http://www.springframework.org/schema/context 
        http://www.springframework.org/schema/context/spring-context.xsd ">

	<context:component-scan base-package="it.soprasteria.pianificazione.v2" />
    
    <mvc:view-controller path="/" view-name="home"/>

	<bean
		class="org.springframework.web.servlet.view.InternalResourceViewResolver">
		<property name="viewClass"
			value="org.springframework.web.servlet.view.JstlView" />
		<property name="prefix" value="/WEB-INF/views/jsp/" />
		<property name="suffix" value=".jsp" />
	</bean>

	<mvc:resources mapping="/resources/**" location="/resources/" />



	<bean id="messageSource"
		class="org.springframework.context.support.ReloadableResourceBundleMessageSource">
		<property name="basename" value="classpath:messages/validator" />
		<property name="defaultEncoding" value="UTF-8" />
	</bean>

	<mvc:annotation-driven />

	<context:annotation-config />

</beans>